error_type,product_id_a,product_id_b,true_label,predicted_match_type,route,equivalence_score,substitute_score,category_family_a,category_family_b,product_type_a,product_type_b,retailer_a,retailer_b,raw_name_a,raw_name_b,hard_conflicts_json,match_explanation,label_reason_or_description
false_negative_equivalent,kr_0005,tg_0004,private_label_equivalent,,,,,plant_based_milk,plant_based_milk,oat_milk,unknown,kroger,target,Simple Truth Oatmilk Original 64 fl oz,Good & Gather 0at Mlk 64 fI oz,,,365 Original Oat Milk 64 fl oz 64 fl oz
false_negative_equivalent,tg_0004,wf_0005,private_label_equivalent,,,,,plant_based_milk,plant_based_milk,unknown,oat_milk,target,whole_foods,Good & Gather 0at Mlk 64 fI oz,365 Original Oat Milk 64 fl oz,,,365 Original Oat Milk 64 fl oz 64 fl oz
review_instead_of_auto,tg_0015,wm_0014,private_label_equivalent,ambiguous_review,review,0.8375,0.8167,yogurt,yogurt,greek_yogurt,greek_yogurt,target,walmart,Good & Gather Plain Whole Milk Greek Yogurt - 32oz,Great Value Plain Nonfat Greek Yogurt 32 oz,[],"Routed to review because the pair may be comparable, but has uncertainty, missing fields, soft conflicts, or insufficient confidence: semantic attribute compatibility is incomplete; soft schema conflicts exist: fat_content_schema_conflict.",365 Plain Whole Milk Greek Yogurt 32 oz Tub 32 oz
false_negative_equivalent,tg_0015,wm_0014,private_label_equivalent,ambiguous_review,review,0.8375,0.8167,yogurt,yogurt,greek_yogurt,greek_yogurt,target,walmart,Good & Gather Plain Whole Milk Greek Yogurt - 32oz,Great Value Plain Nonfat Greek Yogurt 32 oz,[],"Routed to review because the pair may be comparable, but has uncertainty, missing fields, soft conflicts, or insufficient confidence: semantic attribute compatibility is incomplete; soft schema conflicts exist: fat_content_schema_conflict.",365 Plain Whole Milk Greek Yogurt 32 oz Tub 32 oz
review_instead_of_auto,wf_0014,wm_0014,private_label_equivalent,ambiguous_review,review,0.845,0.8216,yogurt,yogurt,greek_yogurt,greek_yogurt,whole_foods,walmart,Save $1 365 Plain Whole Milk Greek Yogurt 32 oz Tub,Great Value Plain Nonfat Greek Yogurt 32 oz,[],"Routed to review because the pair may be comparable, but has uncertainty, missing fields, soft conflicts, or insufficient confidence: semantic attribute compatibility is incomplete; soft schema conflicts exist: fat_content_schema_conflict.",365 Plain Whole Milk Greek Yogurt 32 oz Tub 32 oz
false_negative_equivalent,wf_0014,wm_0014,private_label_equivalent,ambiguous_review,review,0.845,0.8216,yogurt,yogurt,greek_yogurt,greek_yogurt,whole_foods,walmart,Save $1 365 Plain Whole Milk Greek Yogurt 32 oz Tub,Great Value Plain Nonfat Greek Yogurt 32 oz,[],"Routed to review because the pair may be comparable, but has uncertainty, missing fields, soft conflicts, or insufficient confidence: semantic attribute compatibility is incomplete; soft schema conflicts exist: fat_content_schema_conflict.",365 Plain Whole Milk Greek Yogurt 32 oz Tub 32 oz
review_instead_of_auto,kr_0019,wf_0016,private_label_equivalent,ambiguous_review,review,0.8961,0.8657,pantry,pantry,canned_beans,canned_beans,kroger,whole_foods,Kroger Black Beans 15 oz Can,365 Organic Black Beans 15 oz Can,"[""organic_conflict""]","Routed to review because the pair may be comparable, but has uncertainty, missing fields, soft conflicts, or insufficient confidence: semantic attribute compatibility is incomplete; soft schema conflicts exist: organic_schema_conflict; base conflicts exist: organic_conflict.",Organic 365 Organic Black Beans 15 oz Can 15 oz
false_negative_equivalent,kr_0019,wf_0016,private_label_equivalent,ambiguous_review,review,0.8961,0.8657,pantry,pantry,canned_beans,canned_beans,kroger,whole_foods,Kroger Black Beans 15 oz Can,365 Organic Black Beans 15 oz Can,"[""organic_conflict""]","Routed to review because the pair may be comparable, but has uncertainty, missing fields, soft conflicts, or insufficient confidence: semantic attribute compatibility is incomplete; soft schema conflicts exist: organic_schema_conflict; base conflicts exist: organic_conflict.",Organic 365 Organic Black Beans 15 oz Can 15 oz
review_instead_of_auto,tg_0018,wf_0016,private_label_equivalent,ambiguous_review,review,0.828,0.8103,pantry,pantry,canned_beans,canned_beans,target,whole_foods,Good & Gather Black Beans 15oz,365 Organic Black Beans 15 oz Can,"[""organic_conflict""]","Routed to review because the pair may be comparable, but has uncertainty, missing fields, soft conflicts, or insufficient confidence: semantic attribute compatibility is incomplete; soft schema conflicts exist: organic_schema_conflict; base conflicts exist: organic_conflict.",Organic 365 Organic Black Beans 15 oz Can 15 oz
false_negative_equivalent,tg_0018,wf_0016,private_label_equivalent,ambiguous_review,review,0.828,0.8103,pantry,pantry,canned_beans,canned_beans,target,whole_foods,Good & Gather Black Beans 15oz,365 Organic Black Beans 15 oz Can,"[""organic_conflict""]","Routed to review because the pair may be comparable, but has uncertainty, missing fields, soft conflicts, or insufficient confidence: semantic attribute compatibility is incomplete; soft schema conflicts exist: organic_schema_conflict; base conflicts exist: organic_conflict.",Organic 365 Organic Black Beans 15 oz Can 15 oz
review_instead_of_auto,wf_0016,wm_0017,private_label_equivalent,ambiguous_review,review,0.8375,0.8167,pantry,pantry,canned_beans,canned_beans,whole_foods,walmart,365 Organic Black Beans 15 oz Can,"Great Value Black Beans, 15 oz","[""organic_conflict""]","Routed to review because the pair may be comparable, but has uncertainty, missing fields, soft conflicts, or insufficient confidence: semantic attribute compatibility is incomplete; soft schema conflicts exist: organic_schema_conflict; base conflicts exist: organic_conflict.",Organic 365 Organic Black Beans 15 oz Can 15 oz
false_negative_equivalent,wf_0016,wm_0017,private_label_equivalent,ambiguous_review,review,0.8375,0.8167,pantry,pantry,canned_beans,canned_beans,whole_foods,walmart,365 Organic Black Beans 15 oz Can,"Great Value Black Beans, 15 oz","[""organic_conflict""]","Routed to review because the pair may be comparable, but has uncertainty, missing fields, soft conflicts, or insufficient confidence: semantic attribute compatibility is incomplete; soft schema conflicts exist: organic_schema_conflict; base conflicts exist: organic_conflict.",Organic 365 Organic Black Beans 15 oz Can 15 oz
review_instead_of_auto,kr_0023,wm_0021,private_label_equivalent,ambiguous_review,review,0.8268,0.7979,beverages,beverages,orange_juice,unknown,kroger,walmart,Save $1 Kroger 100% Orange Juice No Pulp 52 fl oz,"Great VaIue 100% Orange Juic No Pulp, 52 fl oz",[],"Routed to review because the pair may be comparable, but has uncertainty, missing fields, soft conflicts, or insufficient confidence: product type is missing or not an exact known match.",Kroger 100% Orange Juice No Pulp 52 fl oz 52 fl oz
false_negative_equivalent,kr_0023,wm_0021,private_label_equivalent,ambiguous_review,review,0.8268,0.7979,beverages,beverages,orange_juice,unknown,kroger,walmart,Save $1 Kroger 100% Orange Juice No Pulp 52 fl oz,"Great VaIue 100% Orange Juic No Pulp, 52 fl oz",[],"Routed to review because the pair may be comparable, but has uncertainty, missing fields, soft conflicts, or insufficient confidence: product type is missing or not an exact known match.",Kroger 100% Orange Juice No Pulp 52 fl oz 52 fl oz
review_instead_of_auto,tg_0022,wm_0021,private_label_equivalent,ambiguous_review,review,0.8281,0.7987,beverages,beverages,orange_juice,unknown,target,walmart,Good & Gather 100% Orange Juice No Pulp 52 fl oz,"Great VaIue 100% Orange Juic No Pulp, 52 fl oz",[],"Routed to review because the pair may be comparable, but has uncertainty, missing fields, soft conflicts, or insufficient confidence: product type is missing or not an exact known match.",Kroger 100% Orange Juice No Pulp 52 fl oz 52 fl oz
false_negative_equivalent,tg_0022,wm_0021,private_label_equivalent,ambiguous_review,review,0.8281,0.7987,beverages,beverages,orange_juice,unknown,target,walmart,Good & Gather 100% Orange Juice No Pulp 52 fl oz,"Great VaIue 100% Orange Juic No Pulp, 52 fl oz",[],"Routed to review because the pair may be comparable, but has uncertainty, missing fields, soft conflicts, or insufficient confidence: product type is missing or not an exact known match.",Kroger 100% Orange Juice No Pulp 52 fl oz 52 fl oz
review_instead_of_auto,kr_0026,tg_0025,private_label_equivalent,ambiguous_review,review,0.8063,0.7842,pantry,pantry,unknown,olive_oil,kroger,target,Krger Extra V1rg1n Olive OiI 17 0z,Good & Gather Extra Virgin Olive Oil - 17 fl oz,[],"Routed to review because the pair may be comparable, but has uncertainty, missing fields, soft conflicts, or insufficient confidence: product type is missing or not an exact known match.",365 Extra Virgin Olive Oil 17 fl oz 17 fl oz
false_negative_equivalent,kr_0026,tg_0025,private_label_equivalent,ambiguous_review,review,0.8063,0.7842,pantry,pantry,unknown,olive_oil,kroger,target,Krger Extra V1rg1n Olive OiI 17 0z,Good & Gather Extra Virgin Olive Oil - 17 fl oz,[],"Routed to review because the pair may be comparable, but has uncertainty, missing fields, soft conflicts, or insufficient confidence: product type is missing or not an exact known match.",365 Extra Virgin Olive Oil 17 fl oz 17 fl oz
review_instead_of_auto,kr_0026,wf_0018,private_label_equivalent,ambiguous_review,review,0.81,0.7867,pantry,pantry,unknown,olive_oil,kroger,whole_foods,Krger Extra V1rg1n Olive OiI 17 0z,365 Extra Virgin Olive Oil 17 fl oz,[],"Routed to review because the pair may be comparable, but has uncertainty, missing fields, soft conflicts, or insufficient confidence: product type is missing or not an exact known match.",365 Extra Virgin Olive Oil 17 fl oz 17 fl oz
false_negative_equivalent,kr_0026,wf_0018,private_label_equivalent,ambiguous_review,review,0.81,0.7867,pantry,pantry,unknown,olive_oil,kroger,whole_foods,Krger Extra V1rg1n Olive OiI 17 0z,365 Extra Virgin Olive Oil 17 fl oz,[],"Routed to review because the pair may be comparable, but has uncertainty, missing fields, soft conflicts, or insufficient confidence: product type is missing or not an exact known match.",365 Extra Virgin Olive Oil 17 fl oz 17 fl oz
review_instead_of_auto,kr_0026,wm_0024,private_label_equivalent,ambiguous_review,review,0.8062,0.7841,pantry,pantry,unknown,olive_oil,kroger,walmart,Krger Extra V1rg1n Olive OiI 17 0z,"Great Value Extra Virgin Olive Oil, 17 fl oz",[],"Routed to review because the pair may be comparable, but has uncertainty, missing fields, soft conflicts, or insufficient confidence: product type is missing or not an exact known match.",365 Extra Virgin Olive Oil 17 fl oz 17 fl oz
false_negative_equivalent,kr_0026,wm_0024,private_label_equivalent,ambiguous_review,review,0.8062,0.7841,pantry,pantry,unknown,olive_oil,kroger,walmart,Krger Extra V1rg1n Olive OiI 17 0z,"Great Value Extra Virgin Olive Oil, 17 fl oz",[],"Routed to review because the pair may be comparable, but has uncertainty, missing fields, soft conflicts, or insufficient confidence: product type is missing or not an exact known match.",365 Extra Virgin Olive Oil 17 fl oz 17 fl oz
review_instead_of_auto,kr_0029,wm_0026,exact_equivalent,ambiguous_review,review,0.7158,0.5922,beverages,beverages,soda,unknown,kroger,walmart,Coke Zero 6pk 12 oz cans,Save $1 Coca-CoIa Zro Sugar Soda 6-Pack 12 fl oz,"[""diet_type_conflict"", ""flavor_conflict""]","Routed to review because the pair may be comparable, but has uncertainty, missing fields, soft conflicts, or insufficient confidence: product type is missing or not an exact known match; semantic attribute compatibility is incomplete; soft schema conflicts exist: flavor_schema_conflict; hard schema conflicts exist: diet_type_schema_conflict; base conflicts exist: diet_type_conflict, flavor_conflict.",Coke Zero 6pk 12 oz cans 12 fl oz 6-pack
false_negative_equivalent,kr_0029,wm_0026,exact_equivalent,ambiguous_review,review,0.7158,0.5922,beverages,beverages,soda,unknown,kroger,walmart,Coke Zero 6pk 12 oz cans,Save $1 Coca-CoIa Zro Sugar Soda 6-Pack 12 fl oz,"[""diet_type_conflict"", ""flavor_conflict""]","Routed to review because the pair may be comparable, but has uncertainty, missing fields, soft conflicts, or insufficient confidence: product type is missing or not an exact known match; semantic attribute compatibility is incomplete; soft schema conflicts exist: flavor_schema_conflict; hard schema conflicts exist: diet_type_schema_conflict; base conflicts exist: diet_type_conflict, flavor_conflict.",Coke Zero 6pk 12 oz cans 12 fl oz 6-pack
review_instead_of_auto,tg_0028,wm_0026,exact_equivalent,ambiguous_review,review,0.7307,0.6021,beverages,beverages,soda,unknown,target,walmart,BOGO 50% off Coca-Cola Zero Sugar 6 Pack 12oz Cans,Save $1 Coca-CoIa Zro Sugar Soda 6-Pack 12 fl oz,"[""diet_type_conflict"", ""flavor_conflict""]","Routed to review because the pair may be comparable, but has uncertainty, missing fields, soft conflicts, or insufficient confidence: product type is missing or not an exact known match; semantic attribute compatibility is incomplete; soft schema conflicts exist: flavor_schema_conflict; hard schema conflicts exist: diet_type_schema_conflict; base conflicts exist: diet_type_conflict, flavor_conflict.",Coke Zero 6pk 12 oz cans 12 fl oz 6-pack
false_negative_equivalent,tg_0028,wm_0026,exact_equivalent,ambiguous_review,review,0.7307,0.6021,beverages,beverages,soda,unknown,target,walmart,BOGO 50% off Coca-Cola Zero Sugar 6 Pack 12oz Cans,Save $1 Coca-CoIa Zro Sugar Soda 6-Pack 12 fl oz,"[""diet_type_conflict"", ""flavor_conflict""]","Routed to review because the pair may be comparable, but has uncertainty, missing fields, soft conflicts, or insufficient confidence: product type is missing or not an exact known match; semantic attribute compatibility is incomplete; soft schema conflicts exist: flavor_schema_conflict; hard schema conflicts exist: diet_type_schema_conflict; base conflicts exist: diet_type_conflict, flavor_conflict.",Coke Zero 6pk 12 oz cans 12 fl oz 6-pack
review_instead_of_auto,kr_0032,tg_0031,exact_equivalent,ambiguous_review,review,0.875,0.8417,beverages,beverages,unknown,soda,kroger,target,Diet Cok 12pk 12 oz cans,Diet Coke 12 Pack 12oz Cans,[],"Routed to review because the pair may be comparable, but has uncertainty, missing fields, soft conflicts, or insufficient confidence: product type is missing or not an exact known match.",Diet Coke 12pk 12 oz cans 12 fl oz 12-pack
false_negative_equivalent,kr_0032,tg_0031,exact_equivalent,ambiguous_review,review,0.875,0.8417,beverages,beverages,unknown,soda,kroger,target,Diet Cok 12pk 12 oz cans,Diet Coke 12 Pack 12oz Cans,[],"Routed to review because the pair may be comparable, but has uncertainty, missing fields, soft conflicts, or insufficient confidence: product type is missing or not an exact known match.",Diet Coke 12pk 12 oz cans 12 fl oz 12-pack
review_instead_of_auto,kr_0032,wm_0029,exact_equivalent,ambiguous_review,review,0.8541,0.8177,beverages,beverages,unknown,soda,kroger,walmart,Diet Cok 12pk 12 oz cans,Diet Coke Soda 12-Pack 12 fl oz,[],"Routed to review because the pair may be comparable, but has uncertainty, missing fields, soft conflicts, or insufficient confidence: product type is missing or not an exact known match.",Diet Coke 12pk 12 oz cans 12 fl oz 12-pack
false_negative_equivalent,kr_0032,wm_0029,exact_equivalent,ambiguous_review,review,0.8541,0.8177,beverages,beverages,unknown,soda,kroger,walmart,Diet Cok 12pk 12 oz cans,Diet Coke Soda 12-Pack 12 fl oz,[],"Routed to review because the pair may be comparable, but has uncertainty, missing fields, soft conflicts, or insufficient confidence: product type is missing or not an exact known match.",Diet Coke 12pk 12 oz cans 12 fl oz 12-pack
review_instead_of_auto,kr_0037,tg_0036,exact_equivalent,ambiguous_review,review,0.8886,0.8357,beverages,beverages,sparkling_water,sparkling_water,kroger,target,LaCroix Pamplemousse Grapefruit Sparkling Water 8pk 12 oz,LaCroix Pamplemousse Sparkling Water 8 Pack 12oz,"[""flavor_conflict""]","Routed to review because the pair may be comparable, but has uncertainty, missing fields, soft conflicts, or insufficient confidence: semantic attribute compatibility is incomplete; soft schema conflicts exist: flavor_schema_conflict; base conflicts exist: flavor_conflict.",LaCroix Sparkling Water 12 fl oz 8-pack
false_negative_equivalent,kr_0037,tg_0036,exact_equivalent,ambiguous_review,review,0.8886,0.8357,beverages,beverages,sparkling_water,sparkling_water,kroger,target,LaCroix Pamplemousse Grapefruit Sparkling Water 8pk 12 oz,LaCroix Pamplemousse Sparkling Water 8 Pack 12oz,"[""flavor_conflict""]","Routed to review because the pair may be comparable, but has uncertainty, missing fields, soft conflicts, or insufficient confidence: semantic attribute compatibility is incomplete; soft schema conflicts exist: flavor_schema_conflict; base conflicts exist: flavor_conflict.",LaCroix Sparkling Water 12 fl oz 8-pack
review_instead_of_auto,tg_0036,wf_0023,exact_equivalent,ambiguous_review,review,0.88,0.83,beverages,beverages,sparkling_water,sparkling_water,target,whole_foods,LaCroix Pamplemousse Sparkling Water 8 Pack 12oz,"LaCroix Sparkling Water, Pamplemousse (Grapefruit), 8 x 12 fl oz cans","[""flavor_conflict""]","Routed to review because the pair may be comparable, but has uncertainty, missing fields, soft conflicts, or insufficient confidence: semantic attribute compatibility is incomplete; soft schema conflicts exist: flavor_schema_conflict; base conflicts exist: flavor_conflict.",LaCroix Sparkling Water 12 fl oz 8-pack
false_negative_equivalent,tg_0036,wf_0023,exact_equivalent,ambiguous_review,review,0.88,0.83,beverages,beverages,sparkling_water,sparkling_water,target,whole_foods,LaCroix Pamplemousse Sparkling Water 8 Pack 12oz,"LaCroix Sparkling Water, Pamplemousse (Grapefruit), 8 x 12 fl oz cans","[""flavor_conflict""]","Routed to review because the pair may be comparable, but has uncertainty, missing fields, soft conflicts, or insufficient confidence: semantic attribute compatibility is incomplete; soft schema conflicts exist: flavor_schema_conflict; base conflicts exist: flavor_conflict.",LaCroix Sparkling Water 12 fl oz 8-pack
review_instead_of_auto,kr_0038,tg_0037,exact_equivalent,ambiguous_review,review,0.8761,0.874,plant_based_milk,plant_based_milk,almond_milk,almond_milk,kroger,target,Silk Unsweet Almond Milk Half Gallon,S1Ik Unsweetened Almondmilk - 64 fl oz,[],"Routed to review because the pair may be comparable, but has uncertainty, missing fields, soft conflicts, or insufficient confidence: evidence is plausible but incomplete.",Silk Unsweetened Almondmilk 64 fl oz 64 fl oz
false_negative_equivalent,kr_0038,tg_0037,exact_equivalent,ambiguous_review,review,0.8761,0.874,plant_based_milk,plant_based_milk,almond_milk,almond_milk,kroger,target,Silk Unsweet Almond Milk Half Gallon,S1Ik Unsweetened Almondmilk - 64 fl oz,[],"Routed to review because the pair may be comparable, but has uncertainty, missing fields, soft conflicts, or insufficient confidence: evidence is plausible but incomplete.",Silk Unsweetened Almondmilk 64 fl oz 64 fl oz
review_instead_of_auto,kr_0041,tg_0040,exact_equivalent,ambiguous_review,review,0.8203,0.7285,plant_based_milk,plant_based_milk,oat_milk,unknown,kroger,target,Oatly Barista Edition Oat Milk 32 fl oz,OatIy Barista Edition OatmiIk - 32 fl oz,[],"Routed to review because the pair may be comparable, but has uncertainty, missing fields, soft conflicts, or insufficient confidence: product type is missing or not an exact known match; semantic attribute compatibility is incomplete.",Oatly Barista Edition Oatmilk 32 fl oz 32 fl oz
false_negative_equivalent,kr_0041,tg_0040,exact_equivalent,ambiguous_review,review,0.8203,0.7285,plant_based_milk,plant_based_milk,oat_milk,unknown,kroger,target,Oatly Barista Edition Oat Milk 32 fl oz,OatIy Barista Edition OatmiIk - 32 fl oz,[],"Routed to review because the pair may be comparable, but has uncertainty, missing fields, soft conflicts, or insufficient confidence: product type is missing or not an exact known match; semantic attribute compatibility is incomplete.",Oatly Barista Edition Oatmilk 32 fl oz 32 fl oz
review_instead_of_auto,tg_0040,wf_0026,exact_equivalent,ambiguous_review,review,0.8335,0.7373,plant_based_milk,plant_based_milk,unknown,oat_milk,target,whole_foods,OatIy Barista Edition OatmiIk - 32 fl oz,Oatly Barista Edition Oatmilk 32 fl oz,[],"Routed to review because the pair may be comparable, but has uncertainty, missing fields, soft conflicts, or insufficient confidence: product type is missing or not an exact known match; semantic attribute compatibility is incomplete.",Oatly Barista Edition Oatmilk 32 fl oz 32 fl oz
false_negative_equivalent,tg_0040,wf_0026,exact_equivalent,ambiguous_review,review,0.8335,0.7373,plant_based_milk,plant_based_milk,unknown,oat_milk,target,whole_foods,OatIy Barista Edition OatmiIk - 32 fl oz,Oatly Barista Edition Oatmilk 32 fl oz,[],"Routed to review because the pair may be comparable, but has uncertainty, missing fields, soft conflicts, or insufficient confidence: product type is missing or not an exact known match; semantic attribute compatibility is incomplete.",Oatly Barista Edition Oatmilk 32 fl oz 32 fl oz
review_instead_of_auto,kr_0052,wf_0032,exact_equivalent,ambiguous_review,review,0.8521,0.8164,pantry,pantry,unknown,cereal,kroger,whole_foods,Quaker Old Fashi0ned 0ts 42 oz Cani$ter,Quaker Old Fashioned Oats 42 oz,[],"Routed to review because the pair may be comparable, but has uncertainty, missing fields, soft conflicts, or insufficient confidence: product type is missing or not an exact known match.",Quaker Old Fashioned Oats 42 oz 42 oz
false_negative_equivalent,kr_0052,wf_0032,exact_equivalent,ambiguous_review,review,0.8521,0.8164,pantry,pantry,unknown,cereal,kroger,whole_foods,Quaker Old Fashi0ned 0ts 42 oz Cani$ter,Quaker Old Fashioned Oats 42 oz,[],"Routed to review because the pair may be comparable, but has uncertainty, missing fields, soft conflicts, or insufficient confidence: product type is missing or not an exact known match.",Quaker Old Fashioned Oats 42 oz 42 oz
review_instead_of_auto,kr_0052,wm_0045,exact_equivalent,ambiguous_review,review,0.8506,0.8154,pantry,pantry,unknown,cereal,kroger,walmart,Quaker Old Fashi0ned 0ts 42 oz Cani$ter,"Quaker Oats Old Fashioned, 42 oz",[],"Routed to review because the pair may be comparable, but has uncertainty, missing fields, soft conflicts, or insufficient confidence: product type is missing or not an exact known match.",Quaker Old Fashioned Oats 42 oz 42 oz
false_negative_equivalent,kr_0052,wm_0045,exact_equivalent,ambiguous_review,review,0.8506,0.8154,pantry,pantry,unknown,cereal,kroger,walmart,Quaker Old Fashi0ned 0ts 42 oz Cani$ter,"Quaker Oats Old Fashioned, 42 oz",[],"Routed to review because the pair may be comparable, but has uncertainty, missing fields, soft conflicts, or insufficient confidence: product type is missing or not an exact known match.",Quaker Old Fashioned Oats 42 oz 42 oz
review_instead_of_auto,kr_0055,wm_0048,exact_equivalent,ambiguous_review,review,0.8499,0.7816,snacks,snacks,chips,unknown,kroger,walmart,Lay's Classic Potato Chips 8 oz,"Lay's Cla$sic Potato Chip$, 8 oz Bag",[],"Routed to review because the pair may be comparable, but has uncertainty, missing fields, soft conflicts, or insufficient confidence: product type is missing or not an exact known match.",Lay's Classic Potato Chips 8 oz 8 oz
false_negative_equivalent,kr_0055,wm_0048,exact_equivalent,ambiguous_review,review,0.8499,0.7816,snacks,snacks,chips,unknown,kroger,walmart,Lay's Classic Potato Chips 8 oz,"Lay's Cla$sic Potato Chip$, 8 oz Bag",[],"Routed to review because the pair may be comparable, but has uncertainty, missing fields, soft conflicts, or insufficient confidence: product type is missing or not an exact known match.",Lay's Classic Potato Chips 8 oz 8 oz
review_instead_of_auto,tg_0053,wm_0048,exact_equivalent,ambiguous_review,review,0.8347,0.7715,snacks,snacks,chips,unknown,target,walmart,Lay's Classic Potato Chips - 8oz,"Lay's Cla$sic Potato Chip$, 8 oz Bag",[],"Routed to review because the pair may be comparable, but has uncertainty, missing fields, soft conflicts, or insufficient confidence: product type is missing or not an exact known match.",Lay's Classic Potato Chips 8 oz 8 oz
false_negative_equivalent,tg_0053,wm_0048,exact_equivalent,ambiguous_review,review,0.8347,0.7715,snacks,snacks,chips,unknown,target,walmart,Lay's Classic Potato Chips - 8oz,"Lay's Cla$sic Potato Chip$, 8 oz Bag",[],"Routed to review because the pair may be comparable, but has uncertainty, missing fields, soft conflicts, or insufficient confidence: product type is missing or not an exact known match.",Lay's Classic Potato Chips 8 oz 8 oz
review_instead_of_auto,kr_0065,tg_0063,exact_equivalent,ambiguous_review,review,0.869,0.8277,pantry,pantry,unknown,unknown,kroger,target,Rao's Homemade Marinara Sauce 24 oz Jar,Rao's H0memade Marinara Sauce - 24oz,[],"Routed to review because the pair may be comparable, but has uncertainty, missing fields, soft conflicts, or insufficient confidence: product type is missing or not an exact known match.",Rao's Homemade Marinara Sauce 24 oz 24 oz
false_negative_equivalent,kr_0065,tg_0063,exact_equivalent,ambiguous_review,review,0.869,0.8277,pantry,pantry,unknown,unknown,kroger,target,Rao's Homemade Marinara Sauce 24 oz Jar,Rao's H0memade Marinara Sauce - 24oz,[],"Routed to review because the pair may be comparable, but has uncertainty, missing fields, soft conflicts, or insufficient confidence: product type is missing or not an exact known match.",Rao's Homemade Marinara Sauce 24 oz 24 oz
review_instead_of_auto,kr_0065,wf_0035,exact_equivalent,ambiguous_review,review,0.895,0.845,pantry,pantry,unknown,unknown,kroger,whole_foods,Rao's Homemade Marinara Sauce 24 oz Jar,Rao's Homemade Marinara Sauce 24 oz,[],"Routed to review because the pair may be comparable, but has uncertainty, missing fields, soft conflicts, or insufficient confidence: product type is missing or not an exact known match.",Rao's Homemade Marinara Sauce 24 oz 24 oz
false_negative_equivalent,kr_0065,wf_0035,exact_equivalent,ambiguous_review,review,0.895,0.845,pantry,pantry,unknown,unknown,kroger,whole_foods,Rao's Homemade Marinara Sauce 24 oz Jar,Rao's Homemade Marinara Sauce 24 oz,[],"Routed to review because the pair may be comparable, but has uncertainty, missing fields, soft conflicts, or insufficient confidence: product type is missing or not an exact known match.",Rao's Homemade Marinara Sauce 24 oz 24 oz
review_instead_of_auto,tg_0063,wf_0035,exact_equivalent,ambiguous_review,review,0.876,0.8323,pantry,pantry,unknown,unknown,target,whole_foods,Rao's H0memade Marinara Sauce - 24oz,Rao's Homemade Marinara Sauce 24 oz,[],"Routed to review because the pair may be comparable, but has uncertainty, missing fields, soft conflicts, or insufficient confidence: product type is missing or not an exact known match.",Rao's Homemade Marinara Sauce 24 oz 24 oz
false_negative_equivalent,tg_0063,wf_0035,exact_equivalent,ambiguous_review,review,0.876,0.8323,pantry,pantry,unknown,unknown,target,whole_foods,Rao's H0memade Marinara Sauce - 24oz,Rao's Homemade Marinara Sauce 24 oz,[],"Routed to review because the pair may be comparable, but has uncertainty, missing fields, soft conflicts, or insufficient confidence: product type is missing or not an exact known match.",Rao's Homemade Marinara Sauce 24 oz 24 oz
review_instead_of_auto,kr_0074,tg_0070,exact_equivalent,ambiguous_review,review,0.8845,0.838,snacks,snacks,unknown,unknown,kroger,target,"KIND Dark Chocolate Nuts & Sea Salt Bars 6 ct, 1.4 oz",KIND Dark Chocolate Nuts & Sea Salt Bars - 6ct,[],"Routed to review because the pair may be comparable, but has uncertainty, missing fields, soft conflicts, or insufficient confidence: product type is missing or not an exact known match.",KIND Dark Chocolate Nuts & Sea Salt Bars 6 ct 1.4 oz 6-pack
false_negative_equivalent,kr_0074,tg_0070,exact_equivalent,ambiguous_review,review,0.8845,0.838,snacks,snacks,unknown,unknown,kroger,target,"KIND Dark Chocolate Nuts & Sea Salt Bars 6 ct, 1.4 oz",KIND Dark Chocolate Nuts & Sea Salt Bars - 6ct,[],"Routed to review because the pair may be comparable, but has uncertainty, missing fields, soft conflicts, or insufficient confidence: product type is missing or not an exact known match.",KIND Dark Chocolate Nuts & Sea Salt Bars 6 ct 1.4 oz 6-pack
review_instead_of_auto,kr_0074,wf_0039,exact_equivalent,ambiguous_review,review,0.8898,0.8415,snacks,snacks,unknown,unknown,kroger,whole_foods,"KIND Dark Chocolate Nuts & Sea Salt Bars 6 ct, 1.4 oz",KIND Dark Chocolate Nuts & Sea Salt Bars 6 ct,[],"Routed to review because the pair may be comparable, but has uncertainty, missing fields, soft conflicts, or insufficient confidence: product type is missing or not an exact known match.",KIND Dark Chocolate Nuts & Sea Salt Bars 6 ct 1.4 oz 6-pack
false_negative_equivalent,kr_0074,wf_0039,exact_equivalent,ambiguous_review,review,0.8898,0.8415,snacks,snacks,unknown,unknown,kroger,whole_foods,"KIND Dark Chocolate Nuts & Sea Salt Bars 6 ct, 1.4 oz",KIND Dark Chocolate Nuts & Sea Salt Bars 6 ct,[],"Routed to review because the pair may be comparable, but has uncertainty, missing fields, soft conflicts, or insufficient confidence: product type is missing or not an exact known match.",KIND Dark Chocolate Nuts & Sea Salt Bars 6 ct 1.4 oz 6-pack
review_instead_of_auto,tg_0070,wf_0039,exact_equivalent,ambiguous_review,review,0.8901,0.8417,snacks,snacks,unknown,unknown,target,whole_foods,KIND Dark Chocolate Nuts & Sea Salt Bars - 6ct,KIND Dark Chocolate Nuts & Sea Salt Bars 6 ct,[],"Routed to review because the pair may be comparable, but has uncertainty, missing fields, soft conflicts, or insufficient confidence: product type is missing or not an exact known match.",KIND Dark Chocolate Nuts & Sea Salt Bars 6 ct 1.4 oz 6-pack
false_negative_equivalent,tg_0070,wf_0039,exact_equivalent,ambiguous_review,review,0.8901,0.8417,snacks,snacks,unknown,unknown,target,whole_foods,KIND Dark Chocolate Nuts & Sea Salt Bars - 6ct,KIND Dark Chocolate Nuts & Sea Salt Bars 6 ct,[],"Routed to review because the pair may be comparable, but has uncertainty, missing fields, soft conflicts, or insufficient confidence: product type is missing or not an exact known match.",KIND Dark Chocolate Nuts & Sea Salt Bars 6 ct 1.4 oz 6-pack
review_instead_of_auto,kr_0075,tg_0071,exact_equivalent,ambiguous_review,review,0.876,0.8323,snacks,snacks,unknown,unknown,kroger,target,CLIF BAR Chocolate Chip Energy Bars 6 ct,CLIF Bar Chocolate Chip Energy Bars - 6ct,[],"Routed to review because the pair may be comparable, but has uncertainty, missing fields, soft conflicts, or insufficient confidence: product type is missing or not an exact known match.",CLIF BAR Chocolate Chip Energy Bars 6 ct 2.4 oz 6-pack
false_negative_equivalent,kr_0075,tg_0071,exact_equivalent,ambiguous_review,review,0.876,0.8323,snacks,snacks,unknown,unknown,kroger,target,CLIF BAR Chocolate Chip Energy Bars 6 ct,CLIF Bar Chocolate Chip Energy Bars - 6ct,[],"Routed to review because the pair may be comparable, but has uncertainty, missing fields, soft conflicts, or insufficient confidence: product type is missing or not an exact known match.",CLIF BAR Chocolate Chip Energy Bars 6 ct 2.4 oz 6-pack
review_instead_of_auto,kr_0075,wm_0066,exact_equivalent,ambiguous_review,review,0.8783,0.8339,snacks,snacks,unknown,unknown,kroger,walmart,CLIF BAR Chocolate Chip Energy Bars 6 ct,"CLIF BAR Chocolate Chip Energy Bars, 6 Pack 2.4 oz",[],"Routed to review because the pair may be comparable, but has uncertainty, missing fields, soft conflicts, or insufficient confidence: product type is missing or not an exact known match.",CLIF BAR Chocolate Chip Energy Bars 6 ct 2.4 oz 6-pack
false_negative_equivalent,kr_0075,wm_0066,exact_equivalent,ambiguous_review,review,0.8783,0.8339,snacks,snacks,unknown,unknown,kroger,walmart,CLIF BAR Chocolate Chip Energy Bars 6 ct,"CLIF BAR Chocolate Chip Energy Bars, 6 Pack 2.4 oz",[],"Routed to review because the pair may be comparable, but has uncertainty, missing fields, soft conflicts, or insufficient confidence: product type is missing or not an exact known match.",CLIF BAR Chocolate Chip Energy Bars 6 ct 2.4 oz 6-pack
review_instead_of_auto,tg_0071,wm_0066,exact_equivalent,ambiguous_review,review,0.8637,0.8241,snacks,snacks,unknown,unknown,target,walmart,CLIF Bar Chocolate Chip Energy Bars - 6ct,"CLIF BAR Chocolate Chip Energy Bars, 6 Pack 2.4 oz",[],"Routed to review because the pair may be comparable, but has uncertainty, missing fields, soft conflicts, or insufficient confidence: product type is missing or not an exact known match.",CLIF BAR Chocolate Chip Energy Bars 6 ct 2.4 oz 6-pack
false_negative_equivalent,tg_0071,wm_0066,exact_equivalent,ambiguous_review,review,0.8637,0.8241,snacks,snacks,unknown,unknown,target,walmart,CLIF Bar Chocolate Chip Energy Bars - 6ct,"CLIF BAR Chocolate Chip Energy Bars, 6 Pack 2.4 oz",[],"Routed to review because the pair may be comparable, but has uncertainty, missing fields, soft conflicts, or insufficient confidence: product type is missing or not an exact known match.",CLIF BAR Chocolate Chip Energy Bars 6 ct 2.4 oz 6-pack
false_negative_equivalent,kr_0078,wf_0040,exact_equivalent,,,,,produce,produce,apples,unknown,kroger,whole_foods,Bulk Organic Fuji Apples per lb,Organ1c Fuj1 AppIs (each),,,Organic Organic Fuji Apples (each) 1 each
false_negative_equivalent,kr_0078,wm_0069,exact_equivalent,substitute,auto_accept_substitute,0.8568,0.9112,produce,produce,apples,apples,kroger,walmart,Bulk Organic Fuji Apples per lb,"Organic Fuji Apples Loose, per lb",[],"Auto-accepted as substitute because both products share the same known product type apples, the same category family produce, compatible quantity, compatible semantic attributes, and no substitute hard schema conflicts.",Organic Organic Fuji Apples (each) 1 each
false_negative_equivalent,wf_0040,wm_0069,exact_equivalent,,,,,produce,produce,unknown,apples,whole_foods,walmart,Organ1c Fuj1 AppIs (each),"Organic Fuji Apples Loose, per lb",,,Organic Organic Fuji Apples (each) 1 each
review_instead_of_auto,kr_0079,tg_0074,exact_equivalent,ambiguous_review,review,0.6425,0.7192,produce,produce,bananas,bananas,kroger,target,Bananas (per lb),Bananas - each,"[""pack_size_conflict"", ""quantity_type_conflict""]","Routed to review because the pair may be comparable, but has uncertainty, missing fields, soft conflicts, or insufficient confidence: base conflicts exist: pack_size_conflict, quantity_type_conflict.",Organic Organic Bananas (each) 1 each
false_negative_equivalent,kr_0079,tg_0074,exact_equivalent,ambiguous_review,review,0.6425,0.7192,produce,produce,bananas,bananas,kroger,target,Bananas (per lb),Bananas - each,"[""pack_size_conflict"", ""quantity_type_conflict""]","Routed to review because the pair may be comparable, but has uncertainty, missing fields, soft conflicts, or insufficient confidence: base conflicts exist: pack_size_conflict, quantity_type_conflict.",Organic Organic Bananas (each) 1 each
review_instead_of_auto,kr_0079,wf_0041,exact_equivalent,ambiguous_review,review,0.5988,0.6434,produce,produce,bananas,bananas,kroger,whole_foods,Bananas (per lb),Organic Bananas (each),"[""organic_conflict"", ""pack_size_conflict"", ""quantity_type_conflict""]","Routed to review because the pair may be comparable, but has uncertainty, missing fields, soft conflicts, or insufficient confidence: semantic attribute compatibility is incomplete; soft schema conflicts exist: organic_schema_conflict; base conflicts exist: organic_conflict, pack_size_conflict, quantity_type_conflict.",Organic Organic Bananas (each) 1 each
false_negative_equivalent,kr_0079,wf_0041,exact_equivalent,ambiguous_review,review,0.5988,0.6434,produce,produce,bananas,bananas,kroger,whole_foods,Bananas (per lb),Organic Bananas (each),"[""organic_conflict"", ""pack_size_conflict"", ""quantity_type_conflict""]","Routed to review because the pair may be comparable, but has uncertainty, missing fields, soft conflicts, or insufficient confidence: semantic attribute compatibility is incomplete; soft schema conflicts exist: organic_schema_conflict; base conflicts exist: organic_conflict, pack_size_conflict, quantity_type_conflict.",Organic Organic Bananas (each) 1 each
review_instead_of_auto,kr_0079,wm_0070,exact_equivalent,ambiguous_review,review,0.8296,0.9264,produce,produce,bananas,bananas,kroger,walmart,Bananas (per lb),"Save $1 Bananas, per lb",[],"Routed to review because the pair may be comparable, but has uncertainty, missing fields, soft conflicts, or insufficient confidence: evidence is plausible but incomplete.",Organic Organic Bananas (each) 1 each
false_negative_equivalent,kr_0079,wm_0070,exact_equivalent,ambiguous_review,review,0.8296,0.9264,produce,produce,bananas,bananas,kroger,walmart,Bananas (per lb),"Save $1 Bananas, per lb",[],"Routed to review because the pair may be comparable, but has uncertainty, missing fields, soft conflicts, or insufficient confidence: evidence is plausible but incomplete.",Organic Organic Bananas (each) 1 each
review_instead_of_auto,tg_0074,wf_0041,exact_equivalent,ambiguous_review,review,0.815,0.8467,produce,produce,bananas,bananas,target,whole_foods,Bananas - each,Organic Bananas (each),"[""organic_conflict""]","Routed to review because the pair may be comparable, but has uncertainty, missing fields, soft conflicts, or insufficient confidence: semantic attribute compatibility is incomplete; soft schema conflicts exist: organic_schema_conflict; base conflicts exist: organic_conflict.",Organic Organic Bananas (each) 1 each
false_negative_equivalent,tg_0074,wf_0041,exact_equivalent,ambiguous_review,review,0.815,0.8467,produce,produce,bananas,bananas,target,whole_foods,Bananas - each,Organic Bananas (each),"[""organic_conflict""]","Routed to review because the pair may be comparable, but has uncertainty, missing fields, soft conflicts, or insufficient confidence: semantic attribute compatibility is incomplete; soft schema conflicts exist: organic_schema_conflict; base conflicts exist: organic_conflict.",Organic Organic Bananas (each) 1 each
review_instead_of_auto,tg_0074,wm_0070,exact_equivalent,ambiguous_review,review,0.6236,0.7066,produce,produce,bananas,bananas,target,walmart,Bananas - each,"Save $1 Bananas, per lb","[""pack_size_conflict"", ""quantity_type_conflict""]","Routed to review because the pair may be comparable, but has uncertainty, missing fields, soft conflicts, or insufficient confidence: base conflicts exist: pack_size_conflict, quantity_type_conflict.",Organic Organic Bananas (each) 1 each
false_negative_equivalent,tg_0074,wm_0070,exact_equivalent,ambiguous_review,review,0.6236,0.7066,produce,produce,bananas,bananas,target,walmart,Bananas - each,"Save $1 Bananas, per lb","[""pack_size_conflict"", ""quantity_type_conflict""]","Routed to review because the pair may be comparable, but has uncertainty, missing fields, soft conflicts, or insufficient confidence: base conflicts exist: pack_size_conflict, quantity_type_conflict.",Organic Organic Bananas (each) 1 each
review_instead_of_auto,wf_0041,wm_0070,exact_equivalent,ambiguous_review,review,0.5742,0.6269,produce,produce,bananas,bananas,whole_foods,walmart,Organic Bananas (each),"Save $1 Bananas, per lb","[""organic_conflict"", ""pack_size_conflict"", ""quantity_type_conflict""]","Routed to review because the pair may be comparable, but has uncertainty, missing fields, soft conflicts, or insufficient confidence: semantic attribute compatibility is incomplete; soft schema conflicts exist: organic_schema_conflict; base conflicts exist: organic_conflict, pack_size_conflict, quantity_type_conflict.",Organic Organic Bananas (each) 1 each
false_negative_equivalent,wf_0041,wm_0070,exact_equivalent,ambiguous_review,review,0.5742,0.6269,produce,produce,bananas,bananas,whole_foods,walmart,Organic Bananas (each),"Save $1 Bananas, per lb","[""organic_conflict"", ""pack_size_conflict"", ""quantity_type_conflict""]","Routed to review because the pair may be comparable, but has uncertainty, missing fields, soft conflicts, or insufficient confidence: semantic attribute compatibility is incomplete; soft schema conflicts exist: organic_schema_conflict; base conflicts exist: organic_conflict, pack_size_conflict, quantity_type_conflict.",Organic Organic Bananas (each) 1 each
false_negative_equivalent,kr_0080,tg_0075,exact_equivalent,substitute,auto_accept_substitute,0.8802,0.9601,meat_seafood,meat_seafood,chicken_breast,chicken_breast,kroger,target,Boneless Skinless Chicken Breast (per lb),Boneless Skinless Chicken Breast - 1 lb,[],"Auto-accepted as substitute because both products share the same known product type chicken_breast, the same category family meat_seafood, compatible quantity, compatible semantic attributes, and no substitute hard schema conflicts.",Boneless Skinless Chicken Breasts per lb 1 lb
review_instead_of_auto,kr_0080,wf_0042,exact_equivalent,ambiguous_review,review,0.7621,0.7564,meat_seafood,meat_seafood,chicken_breast,unknown,kroger,whole_foods,Boneless Skinless Chicken Breast (per lb),Boneless Skinless Chicken Breasts per lb,[],"Routed to review because the pair may be comparable, but has uncertainty, missing fields, soft conflicts, or insufficient confidence: product type is missing or not an exact known match.",Boneless Skinless Chicken Breasts per lb 1 lb
false_negative_equivalent,kr_0080,wf_0042,exact_equivalent,ambiguous_review,review,0.7621,0.7564,meat_seafood,meat_seafood,chicken_breast,unknown,kroger,whole_foods,Boneless Skinless Chicken Breast (per lb),Boneless Skinless Chicken Breasts per lb,[],"Routed to review because the pair may be comparable, but has uncertainty, missing fields, soft conflicts, or insufficient confidence: product type is missing or not an exact known match.",Boneless Skinless Chicken Breasts per lb 1 lb
review_instead_of_auto,kr_0080,wm_0071,exact_equivalent,ambiguous_review,review,0.8598,0.9465,meat_seafood,meat_seafood,chicken_breast,chicken_breast,kroger,walmart,Boneless Skinless Chicken Breast (per lb),"Bonele$s Sk1nless Chicken Breast, per Ib",[],"Routed to review because the pair may be comparable, but has uncertainty, missing fields, soft conflicts, or insufficient confidence: evidence is plausible but incomplete.",Boneless Skinless Chicken Breasts per lb 1 lb
false_negative_equivalent,kr_0080,wm_0071,exact_equivalent,ambiguous_review,review,0.8598,0.9465,meat_seafood,meat_seafood,chicken_breast,chicken_breast,kroger,walmart,Boneless Skinless Chicken Breast (per lb),"Bonele$s Sk1nless Chicken Breast, per Ib",[],"Routed to review because the pair may be comparable, but has uncertainty, missing fields, soft conflicts, or insufficient confidence: evidence is plausible but incomplete.",Boneless Skinless Chicken Breasts per lb 1 lb
review_instead_of_auto,tg_0075,wf_0042,exact_equivalent,ambiguous_review,review,0.7654,0.7586,meat_seafood,meat_seafood,chicken_breast,unknown,target,whole_foods,Boneless Skinless Chicken Breast - 1 lb,Boneless Skinless Chicken Breasts per lb,[],"Routed to review because the pair may be comparable, but has uncertainty, missing fields, soft conflicts, or insufficient confidence: product type is missing or not an exact known match.",Boneless Skinless Chicken Breasts per lb 1 lb
false_negative_equivalent,tg_0075,wf_0042,exact_equivalent,ambiguous_review,review,0.7654,0.7586,meat_seafood,meat_seafood,chicken_breast,unknown,target,whole_foods,Boneless Skinless Chicken Breast - 1 lb,Boneless Skinless Chicken Breasts per lb,[],"Routed to review because the pair may be comparable, but has uncertainty, missing fields, soft conflicts, or insufficient confidence: product type is missing or not an exact known match.",Boneless Skinless Chicken Breasts per lb 1 lb
review_instead_of_auto,tg_0075,wm_0071,exact_equivalent,ambiguous_review,review,0.8627,0.9485,meat_seafood,meat_seafood,chicken_breast,chicken_breast,target,walmart,Boneless Skinless Chicken Breast - 1 lb,"Bonele$s Sk1nless Chicken Breast, per Ib",[],"Routed to review because the pair may be comparable, but has uncertainty, missing fields, soft conflicts, or insufficient confidence: evidence is plausible but incomplete.",Boneless Skinless Chicken Breasts per lb 1 lb
false_negative_equivalent,tg_0075,wm_0071,exact_equivalent,ambiguous_review,review,0.8627,0.9485,meat_seafood,meat_seafood,chicken_breast,chicken_breast,target,walmart,Boneless Skinless Chicken Breast - 1 lb,"Bonele$s Sk1nless Chicken Breast, per Ib",[],"Routed to review because the pair may be comparable, but has uncertainty, missing fields, soft conflicts, or insufficient confidence: evidence is plausible but incomplete.",Boneless Skinless Chicken Breasts per lb 1 lb
review_instead_of_auto,wf_0042,wm_0071,exact_equivalent,ambiguous_review,review,0.76,0.755,meat_seafood,meat_seafood,unknown,chicken_breast,whole_foods,walmart,Boneless Skinless Chicken Breasts per lb,"Bonele$s Sk1nless Chicken Breast, per Ib",[],"Routed to review because the pair may be comparable, but has uncertainty, missing fields, soft conflicts, or insufficient confidence: product type is missing or not an exact known match.",Boneless Skinless Chicken Breasts per lb 1 lb
false_negative_equivalent,wf_0042,wm_0071,exact_equivalent,ambiguous_review,review,0.76,0.755,meat_seafood,meat_seafood,unknown,chicken_breast,whole_foods,walmart,Boneless Skinless Chicken Breasts per lb,"Bonele$s Sk1nless Chicken Breast, per Ib",[],"Routed to review because the pair may be comparable, but has uncertainty, missing fields, soft conflicts, or insufficient confidence: product type is missing or not an exact known match.",Boneless Skinless Chicken Breasts per lb 1 lb
false_negative_equivalent,kr_0081,tg_0076,exact_equivalent,substitute,auto_accept_substitute,0.8758,0.9572,meat_seafood,meat_seafood,ground_beef,ground_beef,kroger,target,Ground Beef 80/20 1 lb,Save $1 80/20 Ground Beef - 1lb,[],"Auto-accepted as substitute because both products share the same known product type ground_beef, the same category family meat_seafood, compatible quantity, compatible semantic attributes, and no substitute hard schema conflicts.",Ground Beef 80/20 1 lb 1 lb
review_instead_of_auto,kr_0081,wm_0072,exact_equivalent,ambiguous_review,review,0.8503,0.9402,meat_seafood,meat_seafood,ground_beef,ground_beef,kroger,walmart,Ground Beef 80/20 1 lb,"80% Lean / 20% Ft Ground Beef, 1 lb",[],"Routed to review because the pair may be comparable, but has uncertainty, missing fields, soft conflicts, or insufficient confidence: evidence is plausible but incomplete.",Ground Beef 80/20 1 lb 1 lb
false_negative_equivalent,kr_0081,wm_0072,exact_equivalent,ambiguous_review,review,0.8503,0.9402,meat_seafood,meat_seafood,ground_beef,ground_beef,kroger,walmart,Ground Beef 80/20 1 lb,"80% Lean / 20% Ft Ground Beef, 1 lb",[],"Routed to review because the pair may be comparable, but has uncertainty, missing fields, soft conflicts, or insufficient confidence: evidence is plausible but incomplete.",Ground Beef 80/20 1 lb 1 lb
review_instead_of_auto,tg_0076,wm_0072,exact_equivalent,ambiguous_review,review,0.8314,0.9276,meat_seafood,meat_seafood,ground_beef,ground_beef,target,walmart,Save $1 80/20 Ground Beef - 1lb,"80% Lean / 20% Ft Ground Beef, 1 lb",[],"Routed to review because the pair may be comparable, but has uncertainty, missing fields, soft conflicts, or insufficient confidence: evidence is plausible but incomplete.",Ground Beef 80/20 1 lb 1 lb
false_negative_equivalent,tg_0076,wm_0072,exact_equivalent,ambiguous_review,review,0.8314,0.9276,meat_seafood,meat_seafood,ground_beef,ground_beef,target,walmart,Save $1 80/20 Ground Beef - 1lb,"80% Lean / 20% Ft Ground Beef, 1 lb",[],"Routed to review because the pair may be comparable, but has uncertainty, missing fields, soft conflicts, or insufficient confidence: evidence is plausible but incomplete.",Ground Beef 80/20 1 lb 1 lb
false_negative_equivalent,kr_0082,wf_0043,exact_equivalent,substitute,auto_accept_substitute,0.875,0.9567,meat_seafood,meat_seafood,salmon,salmon,kroger,whole_foods,Atlantic Salmon Fillet (per lb),Atlantic Salmon Fillet per lb,[],"Auto-accepted as substitute because both products share the same known product type salmon, the same category family meat_seafood, compatible quantity, compatible semantic attributes, and no substitute hard schema conflicts.",Atlantic Salmon Fillet per lb 1 lb
review_instead_of_auto,kr_0082,wm_0073,exact_equivalent,ambiguous_review,review,0.868,0.952,meat_seafood,meat_seafood,salmon,salmon,kroger,walmart,Atlantic Salmon Fillet (per lb),"Atlantic Salmon Fillet, per lb",[],"Routed to review because the pair may be comparable, but has uncertainty, missing fields, soft conflicts, or insufficient confidence: evidence is plausible but incomplete.",Atlantic Salmon Fillet per lb 1 lb
false_negative_equivalent,kr_0082,wm_0073,exact_equivalent,ambiguous_review,review,0.868,0.952,meat_seafood,meat_seafood,salmon,salmon,kroger,walmart,Atlantic Salmon Fillet (per lb),"Atlantic Salmon Fillet, per lb",[],"Routed to review because the pair may be comparable, but has uncertainty, missing fields, soft conflicts, or insufficient confidence: evidence is plausible but incomplete.",Atlantic Salmon Fillet per lb 1 lb
false_negative_equivalent,wf_0043,wm_0073,exact_equivalent,substitute,auto_accept_substitute,0.8925,0.9683,meat_seafood,meat_seafood,salmon,salmon,whole_foods,walmart,Atlantic Salmon Fillet per lb,"Atlantic Salmon Fillet, per lb",[],"Auto-accepted as substitute because both products share the same known product type salmon, the same category family meat_seafood, compatible quantity, compatible semantic attributes, and no substitute hard schema conflicts.",Atlantic Salmon Fillet per lb 1 lb
review_instead_of_auto,kr_0023,wf_0037,substitute,ambiguous_review,review,0.8565,0.9444,beverages,beverages,orange_juice,orange_juice,kroger,whole_foods,Save $1 Kroger 100% Orange Juice No Pulp 52 fl oz,Tropicana Pure Premium Orange Juice No Pulp 52 fl oz,[],"Routed to review because the pair may be comparable, but has uncertainty, missing fields, soft conflicts, or insufficient confidence: evidence is plausible but incomplete.","private-label OJ vs Tropicana Pure Premium; same size, different brand"
false_negative_substitute,kr_0023,wf_0037,substitute,ambiguous_review,review,0.8565,0.9444,beverages,beverages,orange_juice,orange_juice,kroger,whole_foods,Save $1 Kroger 100% Orange Juice No Pulp 52 fl oz,Tropicana Pure Premium Orange Juice No Pulp 52 fl oz,[],"Routed to review because the pair may be comparable, but has uncertainty, missing fields, soft conflicts, or insufficient confidence: evidence is plausible but incomplete.","private-label OJ vs Tropicana Pure Premium; same size, different brand"
review_instead_of_auto,kr_0023,wm_0062,substitute,ambiguous_review,review,0.848,0.9387,beverages,beverages,orange_juice,orange_juice,kroger,walmart,Save $1 Kroger 100% Orange Juice No Pulp 52 fl oz,"Tropicana Pure Premium 100% Orange Juice, 52 fl oz",[],"Routed to review because the pair may be comparable, but has uncertainty, missing fields, soft conflicts, or insufficient confidence: evidence is plausible but incomplete.","private-label OJ vs Tropicana Pure Premium; same size, different brand"
false_negative_substitute,kr_0023,wm_0062,substitute,ambiguous_review,review,0.848,0.9387,beverages,beverages,orange_juice,orange_juice,kroger,walmart,Save $1 Kroger 100% Orange Juice No Pulp 52 fl oz,"Tropicana Pure Premium 100% Orange Juice, 52 fl oz",[],"Routed to review because the pair may be comparable, but has uncertainty, missing fields, soft conflicts, or insufficient confidence: evidence is plausible but incomplete.","private-label OJ vs Tropicana Pure Premium; same size, different brand"
review_instead_of_auto,kr_0023,tg_0067,substitute,ambiguous_review,review,0.8397,0.9332,beverages,beverages,orange_juice,orange_juice,kroger,target,Save $1 Kroger 100% Orange Juice No Pulp 52 fl oz,Tropicana Pure Premium Orange Juice - 52 fl oz,[],"Routed to review because the pair may be comparable, but has uncertainty, missing fields, soft conflicts, or insufficient confidence: evidence is plausible but incomplete.","private-label OJ vs Tropicana Pure Premium; same size, different brand"
false_negative_substitute,kr_0023,tg_0067,substitute,ambiguous_review,review,0.8397,0.9332,beverages,beverages,orange_juice,orange_juice,kroger,target,Save $1 Kroger 100% Orange Juice No Pulp 52 fl oz,Tropicana Pure Premium Orange Juice - 52 fl oz,[],"Routed to review because the pair may be comparable, but has uncertainty, missing fields, soft conflicts, or insufficient confidence: evidence is plausible but incomplete.","private-label OJ vs Tropicana Pure Premium; same size, different brand"
safety_violation,kr_0059,wf_0009,non_match,substitute,auto_accept_substitute,0.8752,0.9568,pantry,pantry,peanut_butter,peanut_butter,kroger,whole_foods,Skippy Creamy Peanut Butter 16.3 oz,365 Creamy Peanut Butter 16 oz,[],"Auto-accepted as substitute because both products share the same known product type peanut_butter, the same category family pantry, compatible quantity, compatible semantic attributes, and no substitute hard schema conflicts.","same product type and size, different brand"
false_positive_substitute,kr_0059,wf_0009,non_match,substitute,auto_accept_substitute,0.8752,0.9568,pantry,pantry,peanut_butter,peanut_butter,kroger,whole_foods,Skippy Creamy Peanut Butter 16.3 oz,365 Creamy Peanut Butter 16 oz,[],"Auto-accepted as substitute because both products share the same known product type peanut_butter, the same category family pantry, compatible quantity, compatible semantic attributes, and no substitute hard schema conflicts.","same product type and size, different brand"
review_instead_of_auto,tg_0057,wf_0009,substitute,ambiguous_review,review,0.865,0.95,pantry,pantry,peanut_butter,peanut_butter,target,whole_foods,Skippy Creamy Peanut Butter - 16.3oz,365 Creamy Peanut Butter 16 oz,[],"Routed to review because the pair may be comparable, but has uncertainty, missing fields, soft conflicts, or insufficient confidence: evidence is plausible but incomplete.","private-label creamy peanut butter vs Skippy; near-equivalent size, different brand"
false_negative_substitute,tg_0057,wf_0009,substitute,ambiguous_review,review,0.865,0.95,pantry,pantry,peanut_butter,peanut_butter,target,whole_foods,Skippy Creamy Peanut Butter - 16.3oz,365 Creamy Peanut Butter 16 oz,[],"Routed to review because the pair may be comparable, but has uncertainty, missing fields, soft conflicts, or insufficient confidence: evidence is plausible but incomplete.","private-label creamy peanut butter vs Skippy; near-equivalent size, different brand"
review_instead_of_auto,tg_0003,wf_0024,substitute,ambiguous_review,review,0.8584,0.9456,plant_based_milk,plant_based_milk,almond_milk,almond_milk,target,whole_foods,Good & Gather Unsweetened Almond Milk 64 fl oz,Silk Unsweetened Almondmilk 64 fl oz,[],"Routed to review because the pair may be comparable, but has uncertainty, missing fields, soft conflicts, or insufficient confidence: evidence is plausible but incomplete.","private-label unsweetened almond milk vs Silk; same form factor, different brand"
false_negative_substitute,tg_0003,wf_0024,substitute,ambiguous_review,review,0.8584,0.9456,plant_based_milk,plant_based_milk,almond_milk,almond_milk,target,whole_foods,Good & Gather Unsweetened Almond Milk 64 fl oz,Silk Unsweetened Almondmilk 64 fl oz,[],"Routed to review because the pair may be comparable, but has uncertainty, missing fields, soft conflicts, or insufficient confidence: evidence is plausible but incomplete.","private-label unsweetened almond milk vs Silk; same form factor, different brand"
review_instead_of_auto,tg_0003,wm_0034,substitute,ambiguous_review,review,0.857,0.9447,plant_based_milk,plant_based_milk,almond_milk,almond_milk,target,walmart,Good & Gather Unsweetened Almond Milk 64 fl oz,"Silk Unsweetened Almondmilk, 64 fl oz",[],"Routed to review because the pair may be comparable, but has uncertainty, missing fields, soft conflicts, or insufficient confidence: evidence is plausible but incomplete.","private-label unsweetened almond milk vs Silk; same form factor, different brand"
false_negative_substitute,tg_0003,wm_0034,substitute,ambiguous_review,review,0.857,0.9447,plant_based_milk,plant_based_milk,almond_milk,almond_milk,target,walmart,Good & Gather Unsweetened Almond Milk 64 fl oz,"Silk Unsweetened Almondmilk, 64 fl oz",[],"Routed to review because the pair may be comparable, but has uncertainty, missing fields, soft conflicts, or insufficient confidence: evidence is plausible but incomplete.","private-label unsweetened almond milk vs Silk; same form factor, different brand"
false_negative_substitute,tg_0003,tg_0037,substitute,,,,,plant_based_milk,plant_based_milk,almond_milk,almond_milk,target,target,Good & Gather Unsweetened Almond Milk 64 fl oz,S1Ik Unsweetened Almondmilk - 64 fl oz,,,"private-label unsweetened almond milk vs Silk; same form factor, different brand"
review_instead_of_auto,kr_0038,tg_0003,substitute,ambiguous_review,review,0.8042,0.8761,plant_based_milk,plant_based_milk,almond_milk,almond_milk,kroger,target,Silk Unsweet Almond Milk Half Gallon,Good & Gather Unsweetened Almond Milk 64 fl oz,[],"Routed to review because the pair may be comparable, but has uncertainty, missing fields, soft conflicts, or insufficient confidence: evidence is plausible but incomplete.","private-label unsweetened almond milk vs Silk; same form factor, different brand"
false_negative_substitute,kr_0038,tg_0003,substitute,ambiguous_review,review,0.8042,0.8761,plant_based_milk,plant_based_milk,almond_milk,almond_milk,kroger,target,Silk Unsweet Almond Milk Half Gallon,Good & Gather Unsweetened Almond Milk 64 fl oz,[],"Routed to review because the pair may be comparable, but has uncertainty, missing fields, soft conflicts, or insufficient confidence: evidence is plausible but incomplete.","private-label unsweetened almond milk vs Silk; same form factor, different brand"
false_negative_substitute,tg_0004,tg_0039,substitute,,,,,plant_based_milk,plant_based_milk,unknown,oat_milk,target,target,Good & Gather 0at Mlk 64 fI oz,Oatly Original Oat Milk - 64 fl oz,,,"private-label oat milk vs Oatly; comparable substitute, not an exact equivalent"
false_negative_substitute,tg_0004,wf_0025,substitute,,,,,plant_based_milk,plant_based_milk,unknown,oat_milk,target,whole_foods,Good & Gather 0at Mlk 64 fI oz,0atly Orig1nal Oatmilk 64 fl 0z,,,"private-label oat milk vs Oatly; comparable substitute, not an exact equivalent"
false_negative_substitute,kr_0040,tg_0004,substitute,,,,,plant_based_milk,plant_based_milk,oat_milk,unknown,kroger,target,Oatly Original Oat Milk 64 fl oz,Good & Gather 0at Mlk 64 fI oz,,,"private-label oat milk vs Oatly; comparable substitute, not an exact equivalent"
review_instead_of_auto,tg_0051,wf_0010,substitute,ambiguous_review,review,0.676,0.7957,snacks,snacks,chips,chips,target,whole_foods,Tostitos Scoops! Tortilla Chips - 10oz,365 Restaurant Style Tortilla Chips 13 oz,"[""pack_size_conflict""]","Routed to review because the pair may be comparable, but has uncertainty, missing fields, soft conflicts, or insufficient confidence: soft schema conflicts exist: total_quantity_schema_conflict; base conflicts exist: pack_size_conflict.","private-label tortilla chips vs Tostitos; different brand and size, similar use"
false_negative_substitute,tg_0051,wf_0010,substitute,ambiguous_review,review,0.676,0.7957,snacks,snacks,chips,chips,target,whole_foods,Tostitos Scoops! Tortilla Chips - 10oz,365 Restaurant Style Tortilla Chips 13 oz,"[""pack_size_conflict""]","Routed to review because the pair may be comparable, but has uncertainty, missing fields, soft conflicts, or insufficient confidence: soft schema conflicts exist: total_quantity_schema_conflict; base conflicts exist: pack_size_conflict.","private-label tortilla chips vs Tostitos; different brand and size, similar use"
review_instead_of_auto,kr_0053,wf_0010,substitute,ambiguous_review,review,0.6811,0.7991,snacks,snacks,chips,chips,kroger,whole_foods,Club price Tostitos Scoops Tortilla Chips 10 oz,365 Restaurant Style Tortilla Chips 13 oz,"[""pack_size_conflict""]","Routed to review because the pair may be comparable, but has uncertainty, missing fields, soft conflicts, or insufficient confidence: soft schema conflicts exist: total_quantity_schema_conflict; base conflicts exist: pack_size_conflict.","private-label tortilla chips vs Tostitos; different brand and size, similar use"
false_negative_substitute,kr_0053,wf_0010,substitute,ambiguous_review,review,0.6811,0.7991,snacks,snacks,chips,chips,kroger,whole_foods,Club price Tostitos Scoops Tortilla Chips 10 oz,365 Restaurant Style Tortilla Chips 13 oz,"[""pack_size_conflict""]","Routed to review because the pair may be comparable, but has uncertainty, missing fields, soft conflicts, or insufficient confidence: soft schema conflicts exist: total_quantity_schema_conflict; base conflicts exist: pack_size_conflict.","private-label tortilla chips vs Tostitos; different brand and size, similar use"
review_instead_of_auto,wf_0010,wm_0046,substitute,ambiguous_review,review,0.6803,0.7985,snacks,snacks,chips,chips,whole_foods,walmart,365 Restaurant Style Tortilla Chips 13 oz,"Tostitos Scoops Tortilla Chips, 10 oz Bag","[""pack_size_conflict""]","Routed to review because the pair may be comparable, but has uncertainty, missing fields, soft conflicts, or insufficient confidence: soft schema conflicts exist: total_quantity_schema_conflict; base conflicts exist: pack_size_conflict.","private-label tortilla chips vs Tostitos; different brand and size, similar use"
false_negative_substitute,wf_0010,wm_0046,substitute,ambiguous_review,review,0.6803,0.7985,snacks,snacks,chips,chips,whole_foods,walmart,365 Restaurant Style Tortilla Chips 13 oz,"Tostitos Scoops Tortilla Chips, 10 oz Bag","[""pack_size_conflict""]","Routed to review because the pair may be comparable, but has uncertainty, missing fields, soft conflicts, or insufficient confidence: soft schema conflicts exist: total_quantity_schema_conflict; base conflicts exist: pack_size_conflict.","private-label tortilla chips vs Tostitos; different brand and size, similar use"
false_negative_substitute,tg_0010,tg_0051,substitute,,,,,snacks,snacks,chips,chips,target,target,C1rcle deal Good & Gather Re$taurant Style Tortilla Ch1ps 13oz,Tostitos Scoops! Tortilla Chips - 10oz,,,"private-label tortilla chips vs Tostitos; different brand and size, similar use"
review_instead_of_auto,kr_0035,wf_0012,substitute,ambiguous_review,review,0.8669,0.9513,beverages,beverages,sparkling_water,sparkling_water,kroger,whole_foods,LaCroix Lime Sparkling Water 8pk 12 oz,365 Sparkling Water Lime 8 pack 12 fl oz cans,[],"Routed to review because the pair may be comparable, but has uncertainty, missing fields, soft conflicts, or insufficient confidence: evidence is plausible but incomplete.","private-label lime sparkling water vs LaCroix; same pack/size, different brand"
false_negative_substitute,kr_0035,wf_0012,substitute,ambiguous_review,review,0.8669,0.9513,beverages,beverages,sparkling_water,sparkling_water,kroger,whole_foods,LaCroix Lime Sparkling Water 8pk 12 oz,365 Sparkling Water Lime 8 pack 12 fl oz cans,[],"Routed to review because the pair may be comparable, but has uncertainty, missing fields, soft conflicts, or insufficient confidence: evidence is plausible but incomplete.","private-label lime sparkling water vs LaCroix; same pack/size, different brand"
review_instead_of_auto,wf_0012,wm_0032,substitute,ambiguous_review,review,0.8931,0.9787,beverages,beverages,sparkling_water,sparkling_water,whole_foods,walmart,365 Sparkling Water Lime 8 pack 12 fl oz cans,LaCroix Sparkling Water Lime 8-Pack 12 fl oz Cans,[],"Routed to review because the pair may be comparable, but has uncertainty, missing fields, soft conflicts, or insufficient confidence: evidence is plausible but incomplete.","private-label lime sparkling water vs LaCroix; same pack/size, different brand"
false_negative_substitute,wf_0012,wm_0032,substitute,ambiguous_review,review,0.8931,0.9787,beverages,beverages,sparkling_water,sparkling_water,whole_foods,walmart,365 Sparkling Water Lime 8 pack 12 fl oz cans,LaCroix Sparkling Water Lime 8-Pack 12 fl oz Cans,[],"Routed to review because the pair may be comparable, but has uncertainty, missing fields, soft conflicts, or insufficient confidence: evidence is plausible but incomplete.","private-label lime sparkling water vs LaCroix; same pack/size, different brand"
false_negative_substitute,wf_0012,wf_0022,substitute,,,,,beverages,beverages,sparkling_water,sparkling_water,whole_foods,whole_foods,365 Sparkling Water Lime 8 pack 12 fl oz cans,"LaCroix Sparkling Water, Lime, 8 x 12 fl oz cans",,,"private-label lime sparkling water vs LaCroix; same pack/size, different brand"
review_instead_of_auto,tg_0034,wf_0012,substitute,ambiguous_review,review,0.8828,0.9718,beverages,beverages,sparkling_water,sparkling_water,target,whole_foods,BOGO 50% off LaCroix Lime Sparkling Water 8 Pack 12oz Cans,365 Sparkling Water Lime 8 pack 12 fl oz cans,[],"Routed to review because the pair may be comparable, but has uncertainty, missing fields, soft conflicts, or insufficient confidence: evidence is plausible but incomplete.","private-label lime sparkling water vs LaCroix; same pack/size, different brand"
false_negative_substitute,tg_0034,wf_0012,substitute,ambiguous_review,review,0.8828,0.9718,beverages,beverages,sparkling_water,sparkling_water,target,whole_foods,BOGO 50% off LaCroix Lime Sparkling Water 8 Pack 12oz Cans,365 Sparkling Water Lime 8 pack 12 fl oz cans,[],"Routed to review because the pair may be comparable, but has uncertainty, missing fields, soft conflicts, or insufficient confidence: evidence is plausible but incomplete.","private-label lime sparkling water vs LaCroix; same pack/size, different brand"
review_instead_of_auto,kr_0060,wm_0009,substitute,ambiguous_review,review,0.8642,0.9495,pantry,pantry,peanut_butter,peanut_butter,kroger,walmart,Jif Creamy Peanut Butter 16 oz Jar,"Great Value Creamy Peanut Butter, 16 oz",[],"Routed to review because the pair may be comparable, but has uncertainty, missing fields, soft conflicts, or insufficient confidence: evidence is plausible but incomplete.","private-label creamy peanut butter vs Jif; same size, different brand"
false_negative_substitute,kr_0060,wm_0009,substitute,ambiguous_review,review,0.8642,0.9495,pantry,pantry,peanut_butter,peanut_butter,kroger,walmart,Jif Creamy Peanut Butter 16 oz Jar,"Great Value Creamy Peanut Butter, 16 oz",[],"Routed to review because the pair may be comparable, but has uncertainty, missing fields, soft conflicts, or insufficient confidence: evidence is plausible but incomplete.","private-label creamy peanut butter vs Jif; same size, different brand"
review_instead_of_auto,tg_0058,wm_0009,substitute,ambiguous_review,review,0.8479,0.9386,pantry,pantry,peanut_butter,peanut_butter,target,walmart,Jif Creamy Peanut Butter - 16oz,"Great Value Creamy Peanut Butter, 16 oz",[],"Routed to review because the pair may be comparable, but has uncertainty, missing fields, soft conflicts, or insufficient confidence: evidence is plausible but incomplete.","private-label creamy peanut butter vs Jif; same size, different brand"
false_negative_substitute,tg_0058,wm_0009,substitute,ambiguous_review,review,0.8479,0.9386,pantry,pantry,peanut_butter,peanut_butter,target,walmart,Jif Creamy Peanut Butter - 16oz,"Great Value Creamy Peanut Butter, 16 oz",[],"Routed to review because the pair may be comparable, but has uncertainty, missing fields, soft conflicts, or insufficient confidence: evidence is plausible but incomplete.","private-label creamy peanut butter vs Jif; same size, different brand"
false_negative_substitute,wm_0009,wm_0053,substitute,,,,,pantry,pantry,peanut_butter,peanut_butter,walmart,walmart,"Great Value Creamy Peanut Butter, 16 oz","Jif Creamy Peanut Butter, 16 oz",,,"private-label creamy peanut butter vs Jif; same size, different brand"
review_instead_of_auto,wf_0033,wm_0009,substitute,ambiguous_review,review,0.8624,0.9483,pantry,pantry,peanut_butter,peanut_butter,whole_foods,walmart,Jif Creamy Peanut Butter 16 oz,"Great Value Creamy Peanut Butter, 16 oz",[],"Routed to review because the pair may be comparable, but has uncertainty, missing fields, soft conflicts, or insufficient confidence: evidence is plausible but incomplete.","private-label creamy peanut butter vs Jif; same size, different brand"
false_negative_substitute,wf_0033,wm_0009,substitute,ambiguous_review,review,0.8624,0.9483,pantry,pantry,peanut_butter,peanut_butter,whole_foods,walmart,Jif Creamy Peanut Butter 16 oz,"Great Value Creamy Peanut Butter, 16 oz",[],"Routed to review because the pair may be comparable, but has uncertainty, missing fields, soft conflicts, or insufficient confidence: evidence is plausible but incomplete.","private-label creamy peanut butter vs Jif; same size, different brand"
false_negative_substitute,tg_0009,tg_0057,substitute,,,,,pantry,pantry,peanut_butter,peanut_butter,target,target,Good & Gather Creamy Peanut Butter 16 oz,Skippy Creamy Peanut Butter - 16.3oz,,,"private-label creamy peanut butter vs Skippy; near-equivalent size, different brand"
review_instead_of_auto,kr_0059,tg_0009,substitute,ambiguous_review,review,0.864,0.9493,pantry,pantry,peanut_butter,peanut_butter,kroger,target,Skippy Creamy Peanut Butter 16.3 oz,Good & Gather Creamy Peanut Butter 16 oz,[],"Routed to review because the pair may be comparable, but has uncertainty, missing fields, soft conflicts, or insufficient confidence: evidence is plausible but incomplete.","private-label creamy peanut butter vs Skippy; near-equivalent size, different brand"
false_negative_substitute,kr_0059,tg_0009,substitute,ambiguous_review,review,0.864,0.9493,pantry,pantry,peanut_butter,peanut_butter,kroger,target,Skippy Creamy Peanut Butter 16.3 oz,Good & Gather Creamy Peanut Butter 16 oz,[],"Routed to review because the pair may be comparable, but has uncertainty, missing fields, soft conflicts, or insufficient confidence: evidence is plausible but incomplete.","private-label creamy peanut butter vs Skippy; near-equivalent size, different brand"
review_instead_of_auto,tg_0009,wm_0052,substitute,ambiguous_review,review,0.8516,0.9411,pantry,pantry,peanut_butter,peanut_butter,target,walmart,Good & Gather Creamy Peanut Butter 16 oz,"Skippy Creamy Peanut Butter, 16.3 oz",[],"Routed to review because the pair may be comparable, but has uncertainty, missing fields, soft conflicts, or insufficient confidence: evidence is plausible but incomplete.","private-label creamy peanut butter vs Skippy; near-equivalent size, different brand"
false_negative_substitute,tg_0009,wm_0052,substitute,ambiguous_review,review,0.8516,0.9411,pantry,pantry,peanut_butter,peanut_butter,target,walmart,Good & Gather Creamy Peanut Butter 16 oz,"Skippy Creamy Peanut Butter, 16.3 oz",[],"Routed to review because the pair may be comparable, but has uncertainty, missing fields, soft conflicts, or insufficient confidence: evidence is plausible but incomplete.","private-label creamy peanut butter vs Skippy; near-equivalent size, different brand"
false_negative_substitute,kr_0012,kr_0067,substitute,,,,,frozen,frozen,frozen_pizza,frozen_pizza,kroger,kroger,Save $1 Kroger Pepperoni Frozen Pizza 12 inch,Tombstone Original Pepperoni Frozen Pizza 18.5 oz,,,private-label pepperoni pizza vs Tombstone; comparable substitute
review_instead_of_auto,kr_0012,wm_0059,substitute,ambiguous_review,review,0.6622,0.7532,frozen,frozen,frozen_pizza,frozen_pizza,kroger,walmart,Save $1 Kroger Pepperoni Frozen Pizza 12 inch,"Tombstone Pepperoni Original Frozen Pizza, 18.5 oz","[""pack_size_conflict""]","Routed to review because the pair may be comparable, but has uncertainty, missing fields, soft conflicts, or insufficient confidence: soft schema conflicts exist: total_quantity_schema_conflict; base conflicts exist: pack_size_conflict.",private-label pepperoni pizza vs Tombstone; comparable substitute
false_negative_substitute,kr_0012,wm_0059,substitute,ambiguous_review,review,0.6622,0.7532,frozen,frozen,frozen_pizza,frozen_pizza,kroger,walmart,Save $1 Kroger Pepperoni Frozen Pizza 12 inch,"Tombstone Pepperoni Original Frozen Pizza, 18.5 oz","[""pack_size_conflict""]","Routed to review because the pair may be comparable, but has uncertainty, missing fields, soft conflicts, or insufficient confidence: soft schema conflicts exist: total_quantity_schema_conflict; base conflicts exist: pack_size_conflict.",private-label pepperoni pizza vs Tombstone; comparable substitute
review_instead_of_auto,kr_0067,tg_0011,substitute,ambiguous_review,review,0.6723,0.7598,frozen,frozen,frozen_pizza,frozen_pizza,kroger,target,Tombstone Original Pepperoni Frozen Pizza 18.5 oz,Market Pantry Pepperoni Frozen Pizza 12in,"[""pack_size_conflict""]","Routed to review because the pair may be comparable, but has uncertainty, missing fields, soft conflicts, or insufficient confidence: soft schema conflicts exist: total_quantity_schema_conflict; base conflicts exist: pack_size_conflict.",private-label pepperoni pizza vs Tombstone; comparable substitute
false_negative_substitute,kr_0067,tg_0011,substitute,ambiguous_review,review,0.6723,0.7598,frozen,frozen,frozen_pizza,frozen_pizza,kroger,target,Tombstone Original Pepperoni Frozen Pizza 18.5 oz,Market Pantry Pepperoni Frozen Pizza 12in,"[""pack_size_conflict""]","Routed to review because the pair may be comparable, but has uncertainty, missing fields, soft conflicts, or insufficient confidence: soft schema conflicts exist: total_quantity_schema_conflict; base conflicts exist: pack_size_conflict.",private-label pepperoni pizza vs Tombstone; comparable substitute
review_instead_of_auto,tg_0011,wm_0059,substitute,ambiguous_review,review,0.6565,0.7493,frozen,frozen,frozen_pizza,frozen_pizza,target,walmart,Market Pantry Pepperoni Frozen Pizza 12in,"Tombstone Pepperoni Original Frozen Pizza, 18.5 oz","[""pack_size_conflict""]","Routed to review because the pair may be comparable, but has uncertainty, missing fields, soft conflicts, or insufficient confidence: soft schema conflicts exist: total_quantity_schema_conflict; base conflicts exist: pack_size_conflict.",private-label pepperoni pizza vs Tombstone; comparable substitute
false_negative_substitute,tg_0011,wm_0059,substitute,ambiguous_review,review,0.6565,0.7493,frozen,frozen,frozen_pizza,frozen_pizza,target,walmart,Market Pantry Pepperoni Frozen Pizza 12in,"Tombstone Pepperoni Original Frozen Pizza, 18.5 oz","[""pack_size_conflict""]","Routed to review because the pair may be comparable, but has uncertainty, missing fields, soft conflicts, or insufficient confidence: soft schema conflicts exist: total_quantity_schema_conflict; base conflicts exist: pack_size_conflict.",private-label pepperoni pizza vs Tombstone; comparable substitute
false_negative_substitute,kr_0023,kr_0070,substitute,,,,,beverages,beverages,orange_juice,orange_juice,kroger,kroger,Save $1 Kroger 100% Orange Juice No Pulp 52 fl oz,Save $1 Tropicana Pure Premium Orange Juice 52 fl oz,,,"private-label OJ vs Tropicana Pure Premium; same size, different brand"
review_instead_of_auto,kr_0023,tg_0068,substitute,ambiguous_review,review,0.8644,0.9496,beverages,beverages,orange_juice,orange_juice,kroger,target,Save $1 Kroger 100% Orange Juice No Pulp 52 fl oz,Save 20% Simply Orange Pulp Free Orange Juice - 52 fl oz,[],"Routed to review because the pair may be comparable, but has uncertainty, missing fields, soft conflicts, or insufficient confidence: evidence is plausible but incomplete.","private-label OJ vs Simply Orange; same size, different brand"
false_negative_substitute,kr_0023,tg_0068,substitute,ambiguous_review,review,0.8644,0.9496,beverages,beverages,orange_juice,orange_juice,kroger,target,Save $1 Kroger 100% Orange Juice No Pulp 52 fl oz,Save 20% Simply Orange Pulp Free Orange Juice - 52 fl oz,[],"Routed to review because the pair may be comparable, but has uncertainty, missing fields, soft conflicts, or insufficient confidence: evidence is plausible but incomplete.","private-label OJ vs Simply Orange; same size, different brand"
false_negative_substitute,kr_0023,kr_0071,substitute,,,,,beverages,beverages,orange_juice,orange_juice,kroger,kroger,Save $1 Kroger 100% Orange Juice No Pulp 52 fl oz,Save $1.50 Simply Orange PuIp Free Orange Juice 52 fl oz,,,"private-label OJ vs Simply Orange; same size, different brand"
review_instead_of_auto,kr_0023,wm_0063,substitute,ambiguous_review,review,0.8547,0.9431,beverages,beverages,orange_juice,orange_juice,kroger,walmart,Save $1 Kroger 100% Orange Juice No Pulp 52 fl oz,"Simply Orange Pulp Free 100% Orange Juice, 52 fl oz",[],"Routed to review because the pair may be comparable, but has uncertainty, missing fields, soft conflicts, or insufficient confidence: evidence is plausible but incomplete.","private-label OJ vs Simply Orange; same size, different brand"
false_negative_substitute,kr_0023,wm_0063,substitute,ambiguous_review,review,0.8547,0.9431,beverages,beverages,orange_juice,orange_juice,kroger,walmart,Save $1 Kroger 100% Orange Juice No Pulp 52 fl oz,"Simply Orange Pulp Free 100% Orange Juice, 52 fl oz",[],"Routed to review because the pair may be comparable, but has uncertainty, missing fields, soft conflicts, or insufficient confidence: evidence is plausible but incomplete.","private-label OJ vs Simply Orange; same size, different brand"
false_negative_substitute,tg_0022,tg_0068,substitute,,,,,beverages,beverages,orange_juice,orange_juice,target,target,Good & Gather 100% Orange Juice No Pulp 52 fl oz,Save 20% Simply Orange Pulp Free Orange Juice - 52 fl oz,,,"private-label OJ vs Simply Orange; same size, different brand"
false_negative_substitute,kr_0016,kr_0048,substitute,,,,,yogurt,yogurt,greek_yogurt,greek_yogurt,kroger,kroger,Save $1.50 Kroger Plain Greek Yogurt 32 oz,FAGE Total 5% Plain Greek Yogurt 35.3 oz,,,private-label plain Greek yogurt vs FAGE Total; near-equivalent size
review_instead_of_auto,kr_0016,wf_0030,substitute,ambiguous_review,review,0.79,0.8642,yogurt,yogurt,greek_yogurt,greek_yogurt,kroger,whole_foods,Save $1.50 Kroger Plain Greek Yogurt 32 oz,FAGE Total Plain Whole Milk Greek Yogurt 35.3 oz,[],"Routed to review because the pair may be comparable, but has uncertainty, missing fields, soft conflicts, or insufficient confidence: evidence is plausible but incomplete.",private-label plain Greek yogurt vs FAGE Total; near-equivalent size
false_negative_substitute,kr_0016,wf_0030,substitute,ambiguous_review,review,0.79,0.8642,yogurt,yogurt,greek_yogurt,greek_yogurt,kroger,whole_foods,Save $1.50 Kroger Plain Greek Yogurt 32 oz,FAGE Total Plain Whole Milk Greek Yogurt 35.3 oz,[],"Routed to review because the pair may be comparable, but has uncertainty, missing fields, soft conflicts, or insufficient confidence: evidence is plausible but incomplete.",private-label plain Greek yogurt vs FAGE Total; near-equivalent size
review_instead_of_auto,kr_0016,tg_0047,substitute,ambiguous_review,review,0.78,0.8575,yogurt,yogurt,greek_yogurt,greek_yogurt,kroger,target,Save $1.50 Kroger Plain Greek Yogurt 32 oz,BOGO 50% off FAGE Total Plain Whole Milk Greek Yogurt - 35.3oz,[],"Routed to review because the pair may be comparable, but has uncertainty, missing fields, soft conflicts, or insufficient confidence: evidence is plausible but incomplete.",private-label plain Greek yogurt vs FAGE Total; near-equivalent size
false_negative_substitute,kr_0016,tg_0047,substitute,ambiguous_review,review,0.78,0.8575,yogurt,yogurt,greek_yogurt,greek_yogurt,kroger,target,Save $1.50 Kroger Plain Greek Yogurt 32 oz,BOGO 50% off FAGE Total Plain Whole Milk Greek Yogurt - 35.3oz,[],"Routed to review because the pair may be comparable, but has uncertainty, missing fields, soft conflicts, or insufficient confidence: evidence is plausible but incomplete.",private-label plain Greek yogurt vs FAGE Total; near-equivalent size
review_instead_of_auto,kr_0048,wf_0014,substitute,ambiguous_review,review,0.7933,0.8663,yogurt,yogurt,greek_yogurt,greek_yogurt,kroger,whole_foods,FAGE Total 5% Plain Greek Yogurt 35.3 oz,Save $1 365 Plain Whole Milk Greek Yogurt 32 oz Tub,[],"Routed to review because the pair may be comparable, but has uncertainty, missing fields, soft conflicts, or insufficient confidence: evidence is plausible but incomplete.",private-label plain Greek yogurt vs FAGE Total; near-equivalent size
false_negative_substitute,kr_0048,wf_0014,substitute,ambiguous_review,review,0.7933,0.8663,yogurt,yogurt,greek_yogurt,greek_yogurt,kroger,whole_foods,FAGE Total 5% Plain Greek Yogurt 35.3 oz,Save $1 365 Plain Whole Milk Greek Yogurt 32 oz Tub,[],"Routed to review because the pair may be comparable, but has uncertainty, missing fields, soft conflicts, or insufficient confidence: evidence is plausible but incomplete.",private-label plain Greek yogurt vs FAGE Total; near-equivalent size
false_negative_substitute,kr_0022,kr_0064,substitute,,,,,pantry,pantry,pasta,pasta,kroger,kroger,Kroger Spaghetti Pasta 1 lb Box,Barilla Spaghetti 1 lb Box,,,"private-label spaghetti vs Barilla; same size, different brand"
review_instead_of_auto,kr_0022,tg_0062,substitute,ambiguous_review,review,0.8483,0.9388,pantry,pantry,pasta,pasta,kroger,target,Kroger Spaghetti Pasta 1 lb Box,Barilla Spaghetti Pasta - 16oz,[],"Routed to review because the pair may be comparable, but has uncertainty, missing fields, soft conflicts, or insufficient confidence: evidence is plausible but incomplete.","private-label spaghetti vs Barilla; same size, different brand"
false_negative_substitute,kr_0022,tg_0062,substitute,ambiguous_review,review,0.8483,0.9388,pantry,pantry,pasta,pasta,kroger,target,Kroger Spaghetti Pasta 1 lb Box,Barilla Spaghetti Pasta - 16oz,[],"Routed to review because the pair may be comparable, but has uncertainty, missing fields, soft conflicts, or insufficient confidence: evidence is plausible but incomplete.","private-label spaghetti vs Barilla; same size, different brand"
review_instead_of_auto,kr_0022,wf_0034,substitute,ambiguous_review,review,0.85,0.94,pantry,pantry,pasta,pasta,kroger,whole_foods,Kroger Spaghetti Pasta 1 lb Box,Barilla Spaghetti Pasta 16 oz,[],"Routed to review because the pair may be comparable, but has uncertainty, missing fields, soft conflicts, or insufficient confidence: evidence is plausible but incomplete.","private-label spaghetti vs Barilla; same size, different brand"
false_negative_substitute,kr_0022,wf_0034,substitute,ambiguous_review,review,0.85,0.94,pantry,pantry,pasta,pasta,kroger,whole_foods,Kroger Spaghetti Pasta 1 lb Box,Barilla Spaghetti Pasta 16 oz,[],"Routed to review because the pair may be comparable, but has uncertainty, missing fields, soft conflicts, or insufficient confidence: evidence is plausible but incomplete.","private-label spaghetti vs Barilla; same size, different brand"
review_instead_of_auto,kr_0022,wm_0057,substitute,ambiguous_review,review,0.8323,0.9282,pantry,pantry,pasta,pasta,kroger,walmart,Kroger Spaghetti Pasta 1 lb Box,"Barilla Spaghetti, 16 oz",[],"Routed to review because the pair may be comparable, but has uncertainty, missing fields, soft conflicts, or insufficient confidence: evidence is plausible but incomplete.","private-label spaghetti vs Barilla; same size, different brand"
false_negative_substitute,kr_0022,wm_0057,substitute,ambiguous_review,review,0.8323,0.9282,pantry,pantry,pasta,pasta,kroger,walmart,Kroger Spaghetti Pasta 1 lb Box,"Barilla Spaghetti, 16 oz",[],"Routed to review because the pair may be comparable, but has uncertainty, missing fields, soft conflicts, or insufficient confidence: evidence is plausible but incomplete.","private-label spaghetti vs Barilla; same size, different brand"
false_negative_substitute,kr_0001,kr_0043,substitute,,,,,dairy_milk,dairy_milk,milk,milk,kroger,kroger,Simple Truth Organic Whole Milk 1 Gallon,Horizon Organic 2% Reduced Fat Milk 1 Gallon,,,private-label organic whole milk vs Horizon Organic 2%; comparable but different fat content
review_instead_of_auto,kr_0001,wm_0037,substitute,ambiguous_review,review,0.7702,0.8068,dairy_milk,dairy_milk,milk,milk,kroger,walmart,Simple Truth Organic Whole Milk 1 Gallon,Horizon Organic 2% Reduced Fat Milk 1 gal,[],"Routed to review because the pair may be comparable, but has uncertainty, missing fields, soft conflicts, or insufficient confidence: semantic attribute compatibility is incomplete; soft schema conflicts exist: fat_content_schema_conflict.",private-label organic whole milk vs Horizon Organic 2%; comparable but different fat content
false_negative_substitute,kr_0001,wm_0037,substitute,ambiguous_review,review,0.7702,0.8068,dairy_milk,dairy_milk,milk,milk,kroger,walmart,Simple Truth Organic Whole Milk 1 Gallon,Horizon Organic 2% Reduced Fat Milk 1 gal,[],"Routed to review because the pair may be comparable, but has uncertainty, missing fields, soft conflicts, or insufficient confidence: semantic attribute compatibility is incomplete; soft schema conflicts exist: fat_content_schema_conflict.",private-label organic whole milk vs Horizon Organic 2%; comparable but different fat content
review_instead_of_auto,kr_0001,tg_0042,substitute,ambiguous_review,review,0.7717,0.8078,dairy_milk,dairy_milk,milk,milk,kroger,target,Simple Truth Organic Whole Milk 1 Gallon,Horizon Organic 2% Reduced Fat Milk - 1 Gal,[],"Routed to review because the pair may be comparable, but has uncertainty, missing fields, soft conflicts, or insufficient confidence: semantic attribute compatibility is incomplete; soft schema conflicts exist: fat_content_schema_conflict.",private-label organic whole milk vs Horizon Organic 2%; comparable but different fat content
false_negative_substitute,kr_0001,tg_0042,substitute,ambiguous_review,review,0.7717,0.8078,dairy_milk,dairy_milk,milk,milk,kroger,target,Simple Truth Organic Whole Milk 1 Gallon,Horizon Organic 2% Reduced Fat Milk - 1 Gal,[],"Routed to review because the pair may be comparable, but has uncertainty, missing fields, soft conflicts, or insufficient confidence: semantic attribute compatibility is incomplete; soft schema conflicts exist: fat_content_schema_conflict.",private-label organic whole milk vs Horizon Organic 2%; comparable but different fat content
review_instead_of_auto,kr_0043,wf_0001,substitute,ambiguous_review,review,0.7551,0.7967,dairy_milk,dairy_milk,milk,milk,kroger,whole_foods,Horizon Organic 2% Reduced Fat Milk 1 Gallon,"365 Organic Whole Milk, 128 fl oz",[],"Routed to review because the pair may be comparable, but has uncertainty, missing fields, soft conflicts, or insufficient confidence: semantic attribute compatibility is incomplete; soft schema conflicts exist: fat_content_schema_conflict.",private-label organic whole milk vs Horizon Organic 2%; comparable but different fat content
false_negative_substitute,kr_0043,wf_0001,substitute,ambiguous_review,review,0.7551,0.7967,dairy_milk,dairy_milk,milk,milk,kroger,whole_foods,Horizon Organic 2% Reduced Fat Milk 1 Gallon,"365 Organic Whole Milk, 128 fl oz",[],"Routed to review because the pair may be comparable, but has uncertainty, missing fields, soft conflicts, or insufficient confidence: semantic attribute compatibility is incomplete; soft schema conflicts exist: fat_content_schema_conflict.",private-label organic whole milk vs Horizon Organic 2%; comparable but different fat content
false_positive_substitute,kr_0059,wf_0009,non_match,substitute,auto_accept_substitute,0.8752,0.9568,pantry,pantry,peanut_butter,peanut_butter,kroger,whole_foods,Skippy Creamy Peanut Butter 16.3 oz,365 Creamy Peanut Butter 16 oz,[],"Auto-accepted as substitute because both products share the same known product type peanut_butter, the same category family pantry, compatible quantity, compatible semantic attributes, and no substitute hard schema conflicts.","same product type and size, different brand"
false_positive_substitute,kr_0078,wm_0069,exact_equivalent,substitute,auto_accept_substitute,0.8568,0.9112,produce,produce,apples,apples,kroger,walmart,Bulk Organic Fuji Apples per lb,"Organic Fuji Apples Loose, per lb",[],"Auto-accepted as substitute because both products share the same known product type apples, the same category family produce, compatible quantity, compatible semantic attributes, and no substitute hard schema conflicts.",Organic Organic Fuji Apples (each) 1 each
false_positive_substitute,kr_0080,tg_0075,exact_equivalent,substitute,auto_accept_substitute,0.8802,0.9601,meat_seafood,meat_seafood,chicken_breast,chicken_breast,kroger,target,Boneless Skinless Chicken Breast (per lb),Boneless Skinless Chicken Breast - 1 lb,[],"Auto-accepted as substitute because both products share the same known product type chicken_breast, the same category family meat_seafood, compatible quantity, compatible semantic attributes, and no substitute hard schema conflicts.",Boneless Skinless Chicken Breasts per lb 1 lb
false_positive_substitute,kr_0081,tg_0076,exact_equivalent,substitute,auto_accept_substitute,0.8758,0.9572,meat_seafood,meat_seafood,ground_beef,ground_beef,kroger,target,Ground Beef 80/20 1 lb,Save $1 80/20 Ground Beef - 1lb,[],"Auto-accepted as substitute because both products share the same known product type ground_beef, the same category family meat_seafood, compatible quantity, compatible semantic attributes, and no substitute hard schema conflicts.",Ground Beef 80/20 1 lb 1 lb
false_positive_substitute,kr_0082,wf_0043,exact_equivalent,substitute,auto_accept_substitute,0.875,0.9567,meat_seafood,meat_seafood,salmon,salmon,kroger,whole_foods,Atlantic Salmon Fillet (per lb),Atlantic Salmon Fillet per lb,[],"Auto-accepted as substitute because both products share the same known product type salmon, the same category family meat_seafood, compatible quantity, compatible semantic attributes, and no substitute hard schema conflicts.",Atlantic Salmon Fillet per lb 1 lb
false_positive_substitute,wf_0043,wm_0073,exact_equivalent,substitute,auto_accept_substitute,0.8925,0.9683,meat_seafood,meat_seafood,salmon,salmon,whole_foods,walmart,Atlantic Salmon Fillet per lb,"Atlantic Salmon Fillet, per lb",[],"Auto-accepted as substitute because both products share the same known product type salmon, the same category family meat_seafood, compatible quantity, compatible semantic attributes, and no substitute hard schema conflicts.",Atlantic Salmon Fillet per lb 1 lb
